first_name,last_name,job_title,department,email,address,phone_number,salary,password
Stephanie,Thompson,Clinical psychologist,Ceramics designer,glovermichelle@example.net,South Diana,4259814134,10961,ETxozXNL
Bonnie,Marshall,Media planner,Facilities manager,danielalexander@example.net,Lake Brendashire,4275993624,39827,ohbFqMmL
Lisa,Brooks,Bonds trader,Naval architect,thomasnicole@example.org,Andersonberg,443.805.6126x705,99502,stG9FLo6
Heather,Brown,Medical illustrator,Technical brewer,dreid@example.com,Johnsonmouth,(247)394-0893,92716,rp39WKy5
Susan,Warren,Magazine features editor,"Pharmacist, community",deborahallen@example.com,Lake Darrellport,001-854-834-0165,76966,jwb05AA8
Brian,Mcdowell,Community education officer,Human resources officer,garrisonrandall@example.net,Ericview,001-234-683-9131x3180,40355,CUsegiKU
Michael,Webb,Prison officer,"Editor, magazine features",allenpatty@example.net,Johnborough,(864)572-6778x0919,9947,YmGcVTp3
Mason,Walker,Futures trader,Building control surveyor,vincentmark@example.com,Port Jessicastad,001-836-213-7151,41931,iI51PjfL
Joseph,Sosa,Television floor manager,Glass blower/designer,christy51@example.org,Phillipsfort,+1-808-566-0838x48632,7275,JTAnwbB2
Cynthia,Perez,"Designer, textile",Clinical molecular geneticist,wilsonadrian@example.com,Wilsonchester,001-598-685-8430x72764,71698,yPaDCpxM
Dennis,Ryan,Lobbyist,"Engineer, manufacturing",george84@example.net,East Amber,+1-755-787-8662x806,27359,NKmE7xzC
Jason,Acosta,Mechanical engineer,Primary school teacher,sandra34@example.org,Russellburgh,590-202-5393x04807,85106,fV5rCWwo
Monica,Rojas,Corporate treasurer,Theatre manager,jamesstevenson@example.org,West Tinamouth,292-347-0090x8172,9902,JnzL0kwE
Travis,Keith,Fine artist,Corporate investment banker,zjohnson@example.com,Sandrafurt,(945)671-5586,15689,ZtkXUjzU
Frances,Hopkins,"Designer, furniture",IT sales professional,reevesdon@example.com,Kathrynville,+1-925-344-6863x2089,22348,01Roa0QZ
John,Spencer,Art gallery manager,"Administrator, charities/voluntary organisations",mark34@example.org,West Amystad,204.862.2549x345,8583,wCdaLAR0
Maureen,Watson,"Psychologist, sport and exercise",Acupuncturist,brian91@example.org,Port Brian,936-252-9995x13480,56464,Voo9cTjG
Jeffrey,Weaver,"Teacher, music","Presenter, broadcasting",warrenmegan@example.net,New Bethanyborough,719.248.1885,52613,JfAu8xmF
Shelby,Miller,Colour technologist,"Surveyor, planning and development",kyork@example.com,Leeside,676-763-3695,42168,saGa12sr
Alexis,Murphy,"Investment banker, corporate",Learning mentor,sbrooks@example.org,West Morganside,9916773443,54480,2yGUJvxD
Kimberly,Carter,Music therapist,"Administrator, Civil Service",vaughnandrew@example.net,Jenniferhaven,697-979-3104x904,40900,tL46Kid8
Jeffrey,Jones,Therapeutic radiographer,Probation officer,zdorsey@example.org,Port Alexandriashire,001-267-557-5356x8981,36291,x1IKwhUW
William,Wright,Technical sales engineer,"Engineer, civil (consulting)",browndavid@example.com,Maciasmouth,001-515-961-7599,98884,wNvr2Cd3
Kristen,Martinez,"Engineer, civil (contracting)",Call centre manager,julia41@example.net,New Christianside,2948824559,91990,7GzvJneF
Hailey,Osborne,Dancer,"Accountant, chartered",brian45@example.net,East Robert,+1-535-477-9197x1103,98164,9mMsFdE7
Michelle,Knapp,IT consultant,"Buyer, industrial",ethan34@example.net,West Christine,769.208.6768,98821,jhhhosYF
William,Doyle,Information systems manager,Photographer,tthomas@example.com,Williamtown,6653990757,7849,TXe0wR3r
Stacey,Keller,Astronomer,Radiation protection practitioner,floydlisa@example.net,South Kyle,647.773.7536x1584,56052,ykXsJxZB
Paul,Wright,Health visitor,Osteopath,beckjulia@example.net,West Tonya,(238)238-9257,60,uY7hYkk1
David,Brown,Operational researcher,"Education officer, museum",matthew21@example.net,Judyhaven,246.505.8813,90414,5PlqLSHd
Katie,Estes,Equality and diversity officer,"Chemist, analytical",victoravery@example.com,North Edwardtown,+1-429-306-4088x5266,29060,A2O5Pscr
Anthony,Montgomery,Analytical chemist,Hospital pharmacist,judycarroll@example.org,Williamsview,4083903891,93690,gRArmCsw
Daniel,Moyer,"Accountant, chartered certified",Structural engineer,tpalmer@example.com,West Brentbury,001-908-695-1508x3944,19149,14hnamNW
Mary,Hendrix,Exhibition designer,"Therapist, music",catherinerodriguez@example.net,West Pedrofurt,387.356.4958x52208,30901,ReQewuow
Amanda,Harris,Health visitor,Chartered management accountant,ryanhardy@example.org,Kevinstad,364.304.3720x134,73877,mzZgnMl1
Angela,Nash,Make,Pathologist,paulgill@example.org,Villanuevatown,+1-414-525-4583x94723,88948,xzAltBkl
Ryan,Figueroa,Biomedical scientist,IT sales professional,oliverian@example.org,Lake Gregory,936.885.7001x373,79825,BtSxCr1h
Barbara,Jones,Immunologist,Radiation protection practitioner,nicholas52@example.org,Williamsstad,001-409-966-4931x9040,83135,K2ESmNte
Diane,Ford,Tree surgeon,Teaching laboratory technician,ewilliams@example.com,South Matthewfurt,562.411.9346,41254,quZReodk
Jeremy,Brown,Medical secretary,Personnel officer,cruzbrian@example.net,Port Jasonland,329.789.8728x360,88761,DVAxWxat
Robert,Miller,Corporate investment banker,"Engineer, electronics",emilywoodward@example.org,Bensonstad,334-824-3933x308,38810,hQmiRvuW
Mariah,Hernandez,Operations geologist,"Research officer, government",mpierce@example.net,Lake Ryan,7127192457,64918,VN10rUby
Gina,Cameron,Firefighter,Counsellor,allison91@example.net,South Jerry,219.931.5602x4858,16158,2pXMpjy8
Paul,Garcia,Advertising copywriter,IT trainer,sarah76@example.org,Port Lauraville,(649)455-2565x551,55697,0WNvxmNk
Manuel,Thompson,Systems analyst,Ecologist,maxallen@example.net,Duffyshire,001-864-830-9124,35140,TGQxn7Ft
Daniel,Ramirez,Research scientist (maths),Furniture conservator/restorer,riverasarah@example.net,Berrytown,+1-541-375-7938x43144,39748,ujY2Btri
Erik,Thompson,Naval architect,"Designer, exhibition/display",tracy20@example.net,Fitzgeraldtown,555-537-1878x3870,63596,RWxG1kMC
Marc,Levy,Communications engineer,"Solicitor, Scotland",colleen12@example.com,Perryview,(621)539-5783,84004,gbNTGqAS
Carrie,Nielsen,Paediatric nurse,Operational researcher,stevenjacobson@example.com,Boonestad,(966)272-8071x1361,49868,tpuLSXVN
Jennifer,Horn,Hydrographic surveyor,"Social research officer, government",qroach@example.com,New Brianshire,956.474.7312x9883,46290,hA6ray7t
Jose,Williams,Technical sales engineer,Leisure centre manager,chapmanchad@example.net,North Feliciafort,3338388639,67105,LjJ3WiMJ
Pam,Meyers,Air traffic controller,Pharmacologist,gary06@example.org,North Melindafort,(630)693-9959x417,31451,tMCwJG5T
Heather,Harrington,Ambulance person,Naval architect,nathanperez@example.com,West Stevenfurt,(469)984-9549,60561,kWRgfILm
Eric,White,Engineering geologist,Physiological scientist,qanderson@example.org,Mirandaburgh,788-642-1911x3271,97233,B5zoZfU6
Evan,Ramirez,Armed forces training and education officer,Armed forces technical officer,zachary96@example.org,Deanstad,+1-951-327-2735x434,74646,4qmdxa3X
Stephen,Martinez,Neurosurgeon,Manufacturing systems engineer,smithstephen@example.net,East Sarahfort,001-964-719-1279,12001,6Eg2LdSG
Lori,Friedman,"Accountant, chartered certified",Science writer,howestacy@example.com,Christopherbury,293-905-8387x5063,48145,Mlb9W6cj
Jason,Gomez,Landscape architect,Gaffer,xperry@example.net,Kaitlynshire,001-494-307-3298,55918,RIAMSiW5
Kristen,Mcconnell,Operational investment banker,"Surveyor, building control",garciarachel@example.com,Huangton,351.344.3493x5500,65079,PrPozBPD
Chelsey,Wright,Conference centre manager,Purchasing manager,ashley80@example.net,Jonesfurt,001-443-798-3582x73299,92965,mDq92hWg
Kimberly,Davis,Probation officer,Garment/textile technologist,andrewshaw@example.com,West Latasha,(996)825-6865x934,99904,z2pXd8z1
Jennifer,Blake,Research scientist (life sciences),Manufacturing systems engineer,jacob80@example.org,Port Marialand,9779192973,17261,ugAofX50
Matthew,Rivera,"Education officer, community",Musician,gharrison@example.org,New Katrina,(685)827-3828,14496,VNRsTYza
Barbara,Richardson,"Psychologist, occupational",Camera operator,cindyaustin@example.com,Garrettberg,001-939-758-1305,19123,n7ZAi3Kb
Thomas,Ellis,Publishing rights manager,"Scientist, research (maths)",bethparker@example.org,Jaredborough,(755)528-6629x3525,74459,Pab2gk2c
Nicole,Thompson,"Engineer, civil (contracting)",Medical secretary,linda91@example.com,Port Tylershire,4043510744,45612,V0WrnC6v
Brent,Kelly,"Chemist, analytical","Engineer, chemical",simonjacqueline@example.org,Spencerstad,+1-500-479-9255x369,65350,VHmdrOQk
Justin,Burke,"Librarian, academic","Teacher, English as a foreign language",williamlopez@example.com,Karenstad,+1-223-320-5613x72369,18382,UpXJhfzV
Gabrielle,Jackson,Product manager,Brewing technologist,iperkins@example.com,Ashleyberg,+1-476-515-6288x3219,61984,NLHbbLEs
Albert,Jones,Fisheries officer,Politician's assistant,rioslarry@example.net,South Margaretshire,001-506-930-0448,13415,7myHbAnV
Aaron,Olson,Hotel manager,"Psychotherapist, dance movement",leejonathan@example.net,South Paultown,+1-980-583-0712x4471,82762,4C3zrOrs
Catherine,Martinez,Health promotion specialist,Clothing/textile technologist,ejimenez@example.com,Jessefort,697-359-5513x55386,51132,tyUgn4bF
Jason,Savage,"Lecturer, further education","Exhibitions officer, museum/gallery",josephcarr@example.net,Kennedyhaven,513-370-6998,60787,gmssrRKK
Kenneth,Walters,"Presenter, broadcasting",Broadcast journalist,brandonwang@example.com,Rileyburgh,286.366.1866x62991,80656,tYnum4aL
Tonya,Jordan,Records manager,"Editor, film/video",kimberly18@example.net,Elizabethfort,+1-910-343-6443x9843,39899,6AsecVHW
Derek,Vasquez,Building services engineer,Quality manager,susanrosario@example.net,Port Johntown,657.412.9748,76463,pOvwz2cb
Courtney,Gill,Trading standards officer,Agricultural engineer,omar41@example.org,West Ann,001-704-660-5923x8978,3332,pW6eQviu
Angela,Edwards,Quantity surveyor,Tourist information centre manager,gonzalezerin@example.net,Lake Tracy,218-543-8608,74374,fqbPlM0G
Michael,Humphrey,Pensions consultant,Company secretary,edward75@example.org,Charlesmouth,(883)833-8155x802,57815,b7BEOYsR
Cory,Castaneda,Fitness centre manager,Travel agency manager,timothyrice@example.com,Lake Jillian,873-265-2455,85706,1IMeq7Wk
Gary,Stephenson,Comptroller,Pension scheme manager,megan01@example.net,Lake Danaside,001-445-443-7821,87868,rQBAtG4Q
Joe,Medina,"Producer, radio",Plant breeder/geneticist,ltucker@example.com,Lindsayberg,548-492-2792x987,87025,mPaYlXR9
Julie,Miller,Police officer,Holiday representative,fostersara@example.net,Lake Jonathanhaven,533-258-0007x125,12333,TcgQVCWq
Johnny,Jones,Archaeologist,Biomedical scientist,michele02@example.com,Lindseychester,785-355-1404x9240,5751,4csdHAXx
Bobby,Robertson,Theme park manager,Police officer,lambdebra@example.net,Webermouth,437.546.0289x2659,75940,4IrdtrVn
Bridget,Bentley,Archaeologist,"Geologist, engineering",swansondale@example.com,New Ronaldmouth,(507)881-8526,76175,KcADjfwP
Kristen,Brewer,"Surveyor, quantity","Investment banker, operational",kimberlyhoward@example.net,Loriland,(467)565-2692x5675,77157,z04T0k0o
Anthony,Thompson,"Surveyor, rural practice",Trade union research officer,singhkayla@example.org,East Julieside,001-543-915-6554x916,25248,2sAzKzUq
Dominique,Davis,"Civil engineer, contracting","Designer, exhibition/display",timothy02@example.com,East Nichole,577.635.1431,87139,8eVre5oW
Courtney,Blanchard,Interpreter,Oncologist,tayloralan@example.net,East Dominiquechester,222.266.6689,71088,RLrYYHKJ
Brandy,Williams,"Psychotherapist, child","Engineer, materials",schmidtcourtney@example.org,Anthonyport,284.874.4099x75296,40621,SYJ6fhmx
Xavier,Robinson,Art gallery manager,Interpreter,gfernandez@example.net,Rangelbury,+1-426-393-1087x7743,6124,mPQNimPj
Ryan,Moore,Broadcast engineer,Careers information officer,jill89@example.net,Port Micheal,001-417-992-6114x8977,49129,lm75j0na
Phyllis,Mitchell,Actor,Wellsite geologist,natasha04@example.com,New Monica,2799652807,92351,2WGzaBCn
Kathryn,Mckay,Exhibition designer,"Horticulturist, commercial",kentjennifer@example.com,Donaldmouth,5518995657,5650,YmFIzeru
Renee,Decker,Research scientist (medical),Consulting civil engineer,ashleycardenas@example.org,New Robert,756-803-5291x00207,48952,nmvWV6ym
Ashley,Stephens,Financial risk analyst,Product manager,ortizbrian@example.com,Maryborough,(999)762-1600x435,52381,4K5u8Vjb
Nathaniel,Edwards,Translator,Tax inspector,emily66@example.net,West Deanna,001-382-217-2597,63143,W9PNYvA7
Jonathan,Brown,"Production assistant, radio",Commercial horticulturist,josephstone@example.com,Craigmouth,001-778-887-9606,98939,pIiczXHv
Brandon,Edwards,"Designer, exhibition/display",Educational psychologist,hooperedward@example.org,Harpermouth,+1-642-581-0165,57564,hEygFdEp
